<?xml version="1.0" encoding="UTF-8"?>
<metadata>
  <groupId>io.grpc</groupId>
  <artifactId>grpc-core</artifactId>
  <versioning>
    <latest>1.50.2</latest>
    <release>1.50.2</release>
    <versions>
      <version>0.7.0</version>
      <version>0.7.1</version>
      <version>0.7.2</version>
      <version>0.8.0</version>
      <version>0.9.0</version>
      <version>0.9.1</version>
      <version>0.12.0</version>
      <version>0.13.0</version>
      <version>0.13.1</version>
      <version>0.13.2</version>
      <version>0.14.0</version>
      <version>0.14.1</version>
      <version>0.15.0</version>
      <version>1.0.0</version>
      <version>1.0.0-pre1</version>
      <version>1.0.0-pre2</version>
      <version>1.0.1</version>
      <version>1.0.2</version>
      <version>1.0.3</version>
      <version>1.1.1</version>
      <version>1.1.2</version>
      <version>1.2.0</version>
      <version>1.3.0</version>
      <version>1.3.1</version>
      <version>1.4.0</version>
      <version>1.5.0</version>
      <version>1.6.0</version>
      <version>1.6.1</version>
      <version>1.7.0</version>
      <version>1.7.1</version>
      <version>1.8.0</version>
      <version>1.9.0</version>
      <version>1.9.1</version>
      <version>1.10.0</version>
      <version>1.10.1</version>
      <version>1.11.0</version>
      <version>1.12.0</version>
      <version>1.12.1</version>
      <version>1.13.1</version>
      <version>1.13.2</version>
      <version>1.14.0</version>
      <version>1.15.0</version>
      <version>1.15.1</version>
      <version>1.16.0</version>
      <version>1.16.1</version>
      <version>1.17.0</version>
      <version>1.17.1</version>
      <version>1.18.0</version>
      <version>1.19.0</version>
      <version>1.20.0</version>
      <version>1.21.0</version>
      <version>1.21.1</version>
      <version>1.22.0</version>
      <version>1.22.1</version>
      <version>1.22.2</version>
      <version>1.22.3</version>
      <version>1.23.0</version>
      <version>1.23.1</version>
      <version>1.24.0</version>
      <version>1.24.1</version>
      <version>1.24.2</version>
      <version>1.25.0</version>
      <version>1.26.0</version>
      <version>1.26.1</version>
      <version>1.27.0</version>
      <version>1.27.1</version>
      <version>1.27.2</version>
      <version>1.28.0</version>
      <version>1.28.1</version>
      <version>1.29.0</version>
      <version>1.30.0</version>
      <version>1.30.1</version>
      <version>1.30.2</version>
      <version>1.31.0</version>
      <version>1.31.1</version>
      <version>1.31.2</version>
      <version>1.32.1</version>
      <version>1.32.2</version>
      <version>1.32.3</version>
      <version>1.33.0</version>
      <version>1.33.1</version>
      <version>1.34.0</version>
      <version>1.34.1</version>
      <version>1.35.0</version>
      <version>1.35.1</version>
      <version>1.36.0</version>
      <version>1.36.1</version>
      <version>1.36.2</version>
      <version>1.36.3</version>
      <version>1.37.0</version>
      <version>1.37.1</version>
      <version>1.38.0</version>
      <version>1.38.1</version>
      <version>1.39.0</version>
      <version>1.40.0</version>
      <version>1.40.1</version>
      <version>1.40.2</version>
      <version>1.41.0</version>
      <version>1.41.1</version>
      <version>1.41.2</version>
      <version>1.41.3</version>
      <version>1.42.0</version>
      <version>1.42.1</version>
      <version>1.42.2</version>
      <version>1.42.3</version>
      <version>1.43.0</version>
      <version>1.43.1</version>
      <version>1.43.2</version>
      <version>1.43.3</version>
      <version>1.44.0</version>
      <version>1.44.1</version>
      <version>1.44.2</version>
      <version>1.45.0</version>
      <version>1.45.1</version>
      <version>1.45.2</version>
      <version>1.46.0</version>
      <version>1.46.1</version>
      <version>1.47.0</version>
      <version>1.47.1</version>
      <version>1.48.0</version>
      <version>1.48.1</version>
      <version>1.48.2</version>
      <version>1.49.0</version>
      <version>1.49.1</version>
      <version>1.49.2</version>
      <version>1.50.0</version>
      <version>1.50.1</version>
      <version>1.50.2</version>
    </versions>
    <lastUpdated>20221020000952</lastUpdated>
  </versioning>
</metadata>
